coverage_id,package_id,region_id,start_year,end_year,topic,status,source_ids,reason
three-kingdoms-western-jin-china-core,three-kingdoms-western-jin,china-core,220,316,territory,missing,chgis-v6;historical-basemaps,暂无完成来源与年代核验的可再发布边界；不能插值补全
three-kingdoms-western-jin-ne-asia,three-kingdoms-western-jin,ne-asia,220,316,territory,missing,chgis-v6;historical-basemaps,暂无完成来源与年代核验的可再发布边界；不能插值补全
three-kingdoms-western-jin-inner-asia,three-kingdoms-western-jin,inner-asia,220,316,territory,missing,chgis-v6;historical-basemaps,暂无完成来源与年代核验的可再发布边界；不能插值补全
three-kingdoms-western-jin-tibet-southeast,three-kingdoms-western-jin,tibet-southeast,220,316,territory,missing,chgis-v6;historical-basemaps,暂无完成来源与年代核验的可再发布边界；不能插值补全
three-kingdoms-western-jin-event,three-kingdoms-western-jin,china-core,220,316,event,pending,met-early;met-late;columbia,候选事件需要逐条核验
eastern-jin-sixteen-kingdoms-china-core,eastern-jin-sixteen-kingdoms,china-core,304,439,territory,missing,chgis-v6;historical-basemaps,暂无完成来源与年代核验的可再发布边界；不能插值补全
eastern-jin-sixteen-kingdoms-ne-asia,eastern-jin-sixteen-kingdoms,ne-asia,304,439,territory,missing,chgis-v6;historical-basemaps,暂无完成来源与年代核验的可再发布边界；不能插值补全
eastern-jin-sixteen-kingdoms-inner-asia,eastern-jin-sixteen-kingdoms,inner-asia,304,439,territory,missing,chgis-v6;historical-basemaps,暂无完成来源与年代核验的可再发布边界；不能插值补全
eastern-jin-sixteen-kingdoms-tibet-southeast,eastern-jin-sixteen-kingdoms,tibet-southeast,304,439,territory,missing,chgis-v6;historical-basemaps,暂无完成来源与年代核验的可再发布边界；不能插值补全
eastern-jin-sixteen-kingdoms-event,eastern-jin-sixteen-kingdoms,china-core,304,439,event,pending,met-early;met-late;columbia,候选事件需要逐条核验
southern-northern-dynasties-china-core,southern-northern-dynasties,china-core,420,589,territory,missing,chgis-v6;historical-basemaps,暂无完成来源与年代核验的可再发布边界；不能插值补全
southern-northern-dynasties-ne-asia,southern-northern-dynasties,ne-asia,420,589,territory,missing,chgis-v6;historical-basemaps,暂无完成来源与年代核验的可再发布边界；不能插值补全
southern-northern-dynasties-inner-asia,southern-northern-dynasties,inner-asia,420,589,territory,missing,chgis-v6;historical-basemaps,暂无完成来源与年代核验的可再发布边界；不能插值补全
southern-northern-dynasties-tibet-southeast,southern-northern-dynasties,tibet-southeast,420,589,territory,missing,chgis-v6;historical-basemaps,暂无完成来源与年代核验的可再发布边界；不能插值补全
southern-northern-dynasties-event,southern-northern-dynasties,china-core,420,589,event,pending,met-early;met-late;columbia,候选事件需要逐条核验
sui-early-tang-china-core,sui-early-tang,china-core,581,755,territory,missing,chgis-v6;historical-basemaps,暂无完成来源与年代核验的可再发布边界；不能插值补全
sui-early-tang-ne-asia,sui-early-tang,ne-asia,581,755,territory,missing,chgis-v6;historical-basemaps,暂无完成来源与年代核验的可再发布边界；不能插值补全
sui-early-tang-inner-asia,sui-early-tang,inner-asia,581,755,territory,missing,chgis-v6;historical-basemaps,暂无完成来源与年代核验的可再发布边界；不能插值补全
sui-early-tang-tibet-southeast,sui-early-tang,tibet-southeast,581,755,territory,missing,chgis-v6;historical-basemaps,暂无完成来源与年代核验的可再发布边界；不能插值补全
sui-early-tang-event,sui-early-tang,china-core,581,755,event,pending,met-early;met-late;columbia,候选事件需要逐条核验
middle-late-tang-china-core,middle-late-tang,china-core,755,907,territory,missing,chgis-v6;historical-basemaps,暂无完成来源与年代核验的可再发布边界；不能插值补全
middle-late-tang-ne-asia,middle-late-tang,ne-asia,755,907,territory,missing,chgis-v6;historical-basemaps,暂无完成来源与年代核验的可再发布边界；不能插值补全
middle-late-tang-inner-asia,middle-late-tang,inner-asia,755,907,territory,missing,chgis-v6;historical-basemaps,暂无完成来源与年代核验的可再发布边界；不能插值补全
middle-late-tang-tibet-southeast,middle-late-tang,tibet-southeast,755,907,territory,missing,chgis-v6;historical-basemaps,暂无完成来源与年代核验的可再发布边界；不能插值补全
middle-late-tang-event,middle-late-tang,china-core,755,907,event,pending,met-early;met-late;columbia,候选事件需要逐条核验
